key;value
1;"Gibt es in Ihrem Land eine nationale Open-Data-Politik und umfasst diese eine nationale Gesetzgebung zur Umsetzung der Open-Data-Richtlinie (wenn Ihr Land ein EU-Mitgliedstaat ist)?

Zur Einordnung:
* Wenn ja, geben Sie bitte (1) die URL und (2) den Titel des Richtliniendokuments an und beschreiben Sie es kurz.
* Wenn „Sonstiges“, geben Sie bitte (1) eine kurze Erläuterung zur Untermauerung Ihrer Antwortwahl an und (2) geben Sie die URL an und geben Sie den Richtlinienabschnitt an, der ausdrücklich auf offene Daten verweist."
2;"Gibt es in Ihrem Land eine nationale Open-Data-Strategie?

Zur Einordnung:
* Wenn ja, geben Sie bitte (1) die URL zur Strategie an und (2) beschreiben Sie die wichtigsten Highlights.
* Falls „nicht zutreffend“, geben Sie bitte (1) eine kurze Erläuterung zur Untermauerung Ihrer Antwortauswahl an und geben Sie (2) die URL an und geben Sie den Richtlinienabschnitt an, der ausdrücklich auf Ziele, Aktionen/Maßnahmen, Lieferzeitpläne usw. verweist."
3;"Wurde diese nationale Strategie/Richtlinie in den letzten 24 Monaten aktualisiert?

Zur Einordnung:
* Wenn ja, beschreiben Sie bitte kurz die wichtigsten Änderungen."
4;"Gibt es eine weitere Politik/Strategie für offene Daten auf regionaler oder lokaler Ebene?

Zur Einordnung:
* Wenn ja, geben Sie bitte (1) die URL und (2) den Titel des Dokuments/der Dokumente an und (3) beschreiben Sie es kurz."
5;"Enthält die nationale Strategie/Politik einen Aktionsplan mit Maßnahmen, die im Bereich Open Data umgesetzt werden sollen?

Zur Einordnung:
Wenn ja, beschreiben Sie bitte kurz die wichtigsten im Aktionsplan beschriebenen Maßnahmen."
7;"Beschreibt die nationale Strategie/Richtlinie Maßnahmen zur Unterstützung der Wiederverwendung offener Daten durch den öffentlichen Sektor?

Zur Einordnung:
* Wenn ja, beschreiben Sie bitte kurz die Maßnahmen."
8;"Beschreibt die nationale Strategie/Richtlinie Maßnahmen zur Unterstützung der Wiederverwendung offener Daten durch den privaten Sektor?

Zur Einordnung:
* Wenn ja, beschreiben Sie bitte kurz die Maßnahmen."
12;"Gibt es eine Governance-Struktur, die die Beteiligung und/oder Einbeziehung verschiedener Open-Data-Stakeholder ermöglicht?

Zur Einordnung:
* Wenn ja, erläutern Sie bitte kurz, wie diese Beteiligung sichergestellt wird.
* Wenn Sie die Beteiligung und/oder Einbeziehung verschiedener Interessengruppen in Ihrem Land auf andere Weise sicherstellen möchten, wählen Sie bitte „nicht zutreffend“ aus und erläutern Sie dies."
13;"Welches Modell wird in Ihrem Land zur Verwaltung offener Daten verwendet?

Zur Einordnung:
* Könnten Sie kurz beschreiben, warum dieses Modell für Ihr Land ausgewählt wurde/am besten funktioniert?"
14;"Stellt die Governance-Struktur sicher, dass die lokalen und regionalen Open-Data-Initiativen auf nationaler Ebene erleichtert und unterstützt werden?

Zur Einordnung:
* Wenn ja, geben Sie bitte ein Beispiel für die Art der Unterstützung an.
* Falls nicht zutreffend, erläutern Sie bitte den Grund."
15;"Inwieweit führen lokale/regionale öffentliche Stellen Open-Data-Initiativen durch?

Zur Einordnung:
* Falls nicht zutreffend, erläutern Sie bitte den Grund."
16;"Werden die Governance-Struktur und ihr Betriebsmodell (einschließlich der Personen und des Teams, die für Open-Data-Aktivitäten verantwortlich sind) online veröffentlicht und sind für die Öffentlichkeit zugänglich?

Zur Einordnung:
* Wenn ja, geben Sie bitte die URL an, unter der diese Informationen veröffentlicht werden."
18;"Umfasst das Governance-Modell die Ernennung offizieller Rollen in öffentlichen Diensten, die sich mit offenen Daten befassen (z. B. Open-Data-Beauftragte)?

Zur Einordnung:
* Wenn ja, beschreiben Sie bitte, wie diese Aufgabe auf der Ebene der öffentlichen Körperschaft erfüllt wird."
19;"Gibt es einen regelmäßigen Wissens- oder Erfahrungsaustausch zwischen dem nationalen Open-Data-Team und dem größeren Netzwerk der Open-Data-Beauftragten?

Zur Einordnung:
* Wenn ja, beschreiben Sie bitte kurz, wie dieser Austausch stattfindet, und liefern Sie Belege zur Untermauerung Ihrer Antwort (z. B. Tagesordnungen von Sitzungen, URLs zu Nachrichtenartikeln)."
20;"Gibt es einen regelmäßigen Wissens- oder Erfahrungsaustausch zwischen öffentlichen Stellen (d. h. den Anbietern) und Wiederverwendern offener Daten (z. B. Wissenschaft, Bürger, Unternehmen)?

Zur Einordnung:
* Wenn ja, beschreiben Sie bitte kurz, wie dieser Austausch stattfindet, und liefern Sie Belege zur Untermauerung Ihrer Antwort (z. B. Tagesordnungen von Sitzungen, URLs zu Nachrichtenartikeln)."
21;"Gibt es Pläne zur Datenveröffentlichung auf der Ebene öffentlicher Stellen?

Zur Einordnung:
* Wenn ja, geben Sie bitte die URL an und heben Sie kurz die behandelten Schlüsselaspekte hervor."
28;"Gibt es in Ihrem Land eine Definition für die Wiederverwendung offener Daten?
 
Zur Einordnung:
* Wenn ja, bitte angeben."
29;"Besteht auf nationaler Ebene Interesse daran, den Grad der Wiederverwendung offener Daten in Ihrem Land zu beobachten?
 
Zur Einordnung:
* Wenn ja, welche Aktivitäten/Bemühungen haben Sie bei öffentlichen Stellen beobachtet, die Ihre Beobachtung stützen?"
30;"Gibt es Prozesse zur Überwachung des Grads der Weiterverwendung der offenen Daten Ihres Landes, beispielsweise über das nationale Open-Data-Portal?
 
Zur Einordnung:
* Wenn ja, beschreiben Sie diese Prozesse bitte kurz und geben Sie die URLs zur Unterstützung der Antwort an."
31;"Gibt es Aktivitäten, um öffentliche Stellen zu ermutigen, die Weiterverwendung ihrer eigenen veröffentlichten Daten zu überwachen (z. B. Anreize oder Verpflichtungen für öffentliche Stellen oder Beamte der nationalen Regierung)?
 
Zur Einordnung:
* Wenn ja, beschreiben Sie bitte kurz diese Aktivitäten/Anreize und geben Sie die URLs zur Unterstützung der Antwort an."
32;"Kommt Ihr Land bei der Vorbereitung auf die Überwachung und Messung des Umfangs der Wiederverwendung hochwertiger Datensätze nach der Veröffentlichung der Durchführungsverordnung (EU) 2023/138 über hochwertige Datensätze voran?
 
Zur Einordnung:
* Wenn ja, geben Sie bitte an, wie und heben Sie etwaige Herausforderungen hervor.
* Wenn Sie ein EFTA- oder EU-Kandidatenland sind, wählen Sie bitte „nicht zutreffend“ aus."
33;"Hat Ihre Regierung konkretisiert, was „Auswirkungen offener Daten“ bedeuten (z. B. in einem Strategiedokument)?
 
Zur Einordnung:
* Wenn ja, wie definieren Sie die Auswirkungen offener Daten in Ihrem Land?
* Wenn möglich, geben Sie bitte eine URL zu einem öffentlichen Dokument an, in dem es beschrieben wird."
34;"Verfügen Sie über eine Methodik, um die Auswirkungen offener Daten in Ihrem Land zu messen?
 
Zur Einordnung:
* Wenn ja, beschreiben Sie bitte kurz die Kernpunkte dieser Methodik."
35;"Wurden im vergangenen Jahr Studien durchgeführt, die sich auf die Bewertung der Auswirkungen offener Daten in Ihrem Land konzentrieren?

Zur Einordnung:
* Wenn ja, geben Sie bitte Beispiele und die URLs zu solchen Studien an, um Ihre Antwort zu untermauern."
36;"Gibt es in Ihrem Land eine Zusammenarbeit zwischen der Regierung und der Zivilgesellschaft oder der Wissenschaft, um Open-Data-Wirkung zu erzielen?

Zur Einordnung:
* Wenn ja, geben Sie bitte ein Beispiel an
* Wenn möglich, URLs zu solchen Projekten und Kooperationen."
37;"Haben öffentliche Stellen in Ihrem Land im vergangenen Jahr Aktivitäten gestartet oder durchgeführt, um zu erfassen, welche (offenen) Datensätze und wie wiederverwendet werden?

Zur Einordnung:
* Wenn ja, welche der folgenden Aktivitäten?
* Mehrfachnennungen sind möglich."
38;"Haben öffentliche Stellen in Ihrem Land im vergangenen Jahr Aktivitäten gestartet oder durchgeführt, um die Bedürfnisse der Wiederverwender besser zu verstehen?

Zur Einordnung:
* Wenn ja, welche der folgenden Aktivitäten?
* Mehrfachnennungen sind möglich."
40;"Sind in Ihrem Land Daten über die Auswirkungen offener Daten auf staatliche Herausforderungen (z. B. Effizienz, Wirksamkeit, Transparenz, Entscheidungsfähigkeit) verfügbar?

Zur Einordnung:
* Wenn ja, geben Sie bitte an, welche Art von Daten diese Auswirkungen belegen, und geben Sie die URLs zu diesen Daten an."
41;"Hat die Nutzung offener Daten in Ihrem Land Auswirkungen auf die Effizienz und Effektivität der Regierung (auf welcher Ebene auch immer) bei der Erbringung öffentlicher Dienstleistungen?

Zur Einordnung:
* Wenn ja, erläutern Sie bitte, wie und welche Auswirkungen auf das Thema erzielt werden, und geben Sie Beispiele für maximal drei aktuelle Fälle der Wiederverwendung offener Daten in Form von Forschung oder Anwendung an, unabhängig davon, ob sie von der Regierung oder der Zivilgesellschaft entwickelt wurden."
42;"Hat die Nutzung offener Daten in Ihrem Land Auswirkungen auf die Transparenz und Rechenschaftspflicht öffentlicher Verwaltungen?

Zur Einordnung:
* Wenn ja, erläutern Sie bitte, wie und welche Auswirkungen auf das Thema erzielt werden, und geben Sie Beispiele für maximal drei aktuelle Fälle der Wiederverwendung offener Daten in Form von Forschung oder Anwendung an, unabhängig davon, ob sie von der Regierung oder der Zivilgesellschaft entwickelt wurden."
43;"Hat die Nutzung offener Daten in Ihrem Land Auswirkungen auf politische Entscheidungsprozesse (d. h. nutzen öffentliche Verwaltungen die Daten als Beweis für die Problemerkennung und Politikformulierung)?

Zur Einordnung:
* Wenn ja, erläutern Sie bitte, wie und welche Auswirkungen auf das Thema erzielt werden, und geben Sie Beispiele für maximal drei aktuelle Fälle der Wiederverwendung offener Daten in Form von Forschung oder Anwendung an, unabhängig davon, ob diese von der Regierung oder der Zivilgesellschaft entwickelt wurden."
44;"Hat die Nutzung offener Daten in Ihrem Land Auswirkungen auf Entscheidungsprozesse (d. h. nutzen öffentliche Verwaltungen die Daten als Beweismittel für ihre täglichen Abläufe)?

Zur Einordnung:
* Wenn ja, erläutern Sie bitte, wie und welche Auswirkungen auf das Thema erzielt werden, und geben Sie Beispiele für maximal drei aktuelle Fälle der Wiederverwendung offener Daten in Form von Forschung oder Anwendung an, unabhängig davon, ob sie von der Regierung oder der Zivilgesellschaft entwickelt wurden."
45;"Sind in Ihrem Land Daten über die Auswirkungen offener Daten auf soziale Herausforderungen (z. B. Ungleichheit, Gesundheitsversorgung, Bildung) verfügbar?

Zur Einordnung:
* Wenn ja, geben Sie bitte an, welche Art von Daten diese Auswirkungen belegen, und geben Sie die URLs zu diesen Daten an."
46;"Hat die Nutzung offener Daten in Ihrem Land Auswirkungen auf die Fähigkeit der Gesellschaft, Ungleichheit zu verringern und Minderheiten, Migranten und/oder Flüchtlinge (z. B. aus dem Ukraine-Krieg) besser einzubeziehen?

Zur Einordnung:
* Wenn ja, erläutern Sie bitte, wie und welche Auswirkungen auf das Thema erzielt werden, und geben Sie Beispiele für maximal drei aktuelle Fälle der Wiederverwendung offener Daten in Form von Forschung oder Anwendung an, unabhängig davon, ob diese von der Regierung oder der Zivilgesellschaft entwickelt wurden."
47;"Hat die Nutzung offener Daten in Ihrem Land Auswirkungen auf das gesellschaftliche Bewusstsein für Wohnraum in städtischen Gebieten?

Zur Einordnung:
* Wenn ja, erläutern Sie bitte, wie und welche Auswirkungen auf das Thema erzielt werden, und geben Sie Beispiele für maximal drei aktuelle Fälle der Wiederverwendung offener Daten in Form von Forschung oder Anwendung an, unabhängig davon, ob sie von der Regierung oder der Zivilgesellschaft entwickelt wurden."
48;"Hat die Nutzung offener Daten in Ihrem Land Auswirkungen auf das gesellschaftliche Bewusstsein für Gesundheits- und Wohlbefindensthemen (auch, aber nicht nur vor dem Hintergrund der COVID-19-Pandemie)?

Zur Einordnung:
* Wenn ja, erläutern Sie bitte, wie und welche Auswirkungen auf das Thema erzielt werden, und geben Sie Beispiele für maximal drei aktuelle Fälle der Wiederverwendung offener Daten in Form von Forschung oder Anwendung an, unabhängig davon, ob sie von der Regierung oder der Zivilgesellschaft entwickelt wurden."
49;"Hat die Nutzung offener Daten in Ihrem Land Auswirkungen auf das Bildungs- und Kompetenzniveau der Gesellschaft (z. B. Datenkompetenz)?

Zur Einordnung:
* Wenn ja, erläutern Sie bitte, wie und welche Auswirkungen auf das Thema erzielt werden, und geben Sie Beispiele für maximal drei aktuelle Fälle der Wiederverwendung offener Daten in Form von Forschung oder Anwendung an, unabhängig davon, ob diese von der Regierung oder der Zivilgesellschaft entwickelt wurden."
50;"Sind in Ihrem Land Daten über die Auswirkungen offener Daten auf Umweltherausforderungen (z. B. Klimawandel und Umweltzerstörung, wie im Europäischen Green Deal hervorgehoben) verfügbar?

Zur Einordnung:
* Wenn ja, geben Sie bitte (1) an, welche Art von Daten diese Auswirkungen belegen, und (2) geben Sie die URLs zu diesen Daten an."
51;"Hat die Nutzung offener Daten in Ihrem Land Auswirkungen auf das Schutzniveau der biologischen Vielfalt (z. B. die Aufrechterhaltung einer guten Luft- und Wasserqualität)?

Zur Einordnung:
* Wenn ja, erläutern Sie bitte, wie und welche Auswirkungen auf das Thema erzielt werden, und geben Sie Beispiele für maximal drei aktuelle Fälle der Wiederverwendung offener Daten in Form von Forschung oder Anwendung an, unabhängig davon, ob sie von der Regierung oder der Zivilgesellschaft entwickelt wurden."
52;"Hat die Nutzung offener Daten in Ihrem Land Auswirkungen auf die Verwirklichung umweltfreundlicherer Städte (z. B. umweltfreundliche Transportsysteme, Abfallwirtschaft usw.)?

Zur Einordnung:
* Wenn ja, erläutern Sie bitte, wie und welche Auswirkungen auf das Thema erzielt werden, und geben Sie Beispiele für maximal drei aktuelle Fälle der Wiederverwendung offener Daten in Form von Forschung oder Anwendung an, unabhängig davon, ob sie von der Regierung oder der Zivilgesellschaft entwickelt wurden."
53;"Hat die Nutzung offener Daten in Ihrem Land Auswirkungen auf den Kampf gegen den Klimawandel, beispielsweise durch vorausschauende Überwachung, präventive Maßnahmen oder eine differenzierte Reaktion auf damit verbundene Katastrophen?

Zur Einordnung:
* Wenn ja, erläutern Sie bitte, wie und welche Auswirkungen auf das Thema erzielt werden, und geben Sie Beispiele für maximal drei aktuelle Fälle der Wiederverwendung offener Daten in Form von Forschung oder Anwendung an, unabhängig davon, ob diese von der Regierung oder der Zivilgesellschaft entwickelt wurden."
54;"Hat die Nutzung offener Daten in Ihrem Land Auswirkungen auf den Energieverbrauch auf Basis von Kraftstoffen und die Umstellung auf erneuerbare Energien?

Zur Einordnung:
* Wenn ja, erläutern Sie bitte, wie und welche Auswirkungen auf das Thema erzielt werden, und geben Sie Beispiele für maximal drei aktuelle Fälle der Wiederverwendung offener Daten in Form von Forschung oder Anwendung an, unabhängig davon, ob sie von der Regierung oder der Zivilgesellschaft entwickelt wurden."
55;"Sind in Ihrem Land Daten über die wirtschaftlichen Auswirkungen (z. B. Beschäftigte in der Bevölkerung, Innovation und neu gegründete Unternehmen usw.) von offenen Daten verfügbar?

Zur Einordnung:
* Wenn ja, geben Sie bitte (1) an, welche Art von Daten diese Auswirkungen belegen, und (2) geben Sie die URLs zu diesen Daten an."
56;"Hat die Nutzung offener Daten in Ihrem Land Auswirkungen auf das Beschäftigungsniveau?

Zur Einordnung:
* Wenn ja, erläutern Sie bitte, wie und welche Auswirkungen auf das Thema erzielt werden, und geben Sie Beispiele für maximal drei aktuelle Fälle der Wiederverwendung offener Daten in Form von Forschung oder Anwendung an, unabhängig davon, ob sie von der Regierung oder der Zivilgesellschaft entwickelt wurden."
57;"Hat die Nutzung offener Daten in Ihrem Land Auswirkungen auf den Innovationsgrad und die Einführung neuer Technologien?

Zur Einordnung:
* Wenn ja, erläutern Sie bitte, wie und welche Auswirkungen auf das Thema erzielt werden, und geben Sie Beispiele für maximal drei aktuelle Fälle der Wiederverwendung offener Daten in Form von Forschung oder Anwendung an, unabhängig davon, ob diese von der Regierung oder der Zivilgesellschaft entwickelt wurden."
58;"Hat die Nutzung offener Daten in Ihrem Land Auswirkungen auf das Niveau des Unternehmertums (insbesondere von Frauen und Minderheiten) und der Unternehmensgründung (insbesondere bei kleinen und mittleren Unternehmen)?

Zur Einordnung:
* Wenn ja, erläutern Sie bitte, wie und welche Auswirkungen auf das Thema erzielt werden, und geben Sie Beispiele für maximal drei aktuelle Fälle der Wiederverwendung offener Daten in Form von Forschung oder Anwendung an, unabhängig davon, ob sie von der Regierung oder der Zivilgesellschaft entwickelt wurden."
59;"Gibt es in Ihrem Land ein nationales Portal, um offene Daten auffindbar zu machen?

Zur Einordnung:
* Wenn ja, geben Sie bitte die URL des nationalen Portals an.
* Wenn nein, beschreiben Sie bitte, wie Sie die Auffindbarkeit der in Ihrem Land verfügbaren offenen Daten sicherstellen."
60;Bietet das nationale Portal eine erweiterte Datensuchfunktion (Mehrfeldsuche, Filtermöglichkeiten etc.)?
61;Bietet das nationale Portal den Nutzern die Möglichkeit, Datensätze herunterzuladen (z. B. über einen Link)?
63;"Bietet das nationale Portal seinen Nutzern eine Möglichkeit, die Metadaten programmgesteuert abzufragen (z. B. über eine API oder einen SPARQL-Zugangspunkt)?

Zur Einordnung:
* Wenn ja, geben Sie bitte die direkte URL zu dieser Funktion an."
64;"Bietet das nationale Portal eine Dokumentation zur Verwendung von APIs und anderen Tools, die die Arbeit mit den oben genannten Metadaten ermöglichen?

Zur Einordnung:
* Wenn ja, geben Sie bitte die direkte URL zu dieser Funktion an."
65;"Ermöglicht das nationale Portal Benutzern die Bereitstellung von Inhalten für das Portal (z. B. um Dokumentation und unterstützende Materialien mit einem bestimmten Datensatz zu verknüpfen)?

Zur Einordnung:
* Wenn ja, geben Sie bitte die direkte URL zu dieser Funktion an."
67;"Ermöglicht das nationale Portal den Nutzern, Informationen und Neuigkeiten zu relevanten Open-Data-Themen im Land zu finden?

Zur Einordnung:
* Wenn ja, geben Sie bitte die direkte URL zu dieser Funktion an."
68;"Bietet das nationale Portal den Benutzern die Möglichkeit, Benachrichtigungen zu erhalten, wenn neue Datensätze auf dem nationalen Portal verfügbar sind (RSS, ATOM-Feeds, E-Mail-Benachrichtigungen usw.)?

Zur Einordnung:
* Wenn ja, geben Sie bitte die direkte URL zu dieser Funktion an."
71;"Bietet das nationale Portal ein Diskussionsforum oder eine andere Austauschmöglichkeit für Nutzer (ob Datenanbieter oder Weiterverwender)?

Zur Einordnung:
* Wenn ja, geben Sie bitte die direkte URL zu dieser Funktion an."
72;"Verfügt das nationale Portal über einen eigenen Bereich zur Präsentation von Anwendungsfällen?

Zur Einordnung:
* Wenn ja, geben Sie bitte die direkte URL zu dieser Funktion an."
73;"Verweist das nationale Portal auf die Datensätze, auf denen die vorgestellten Anwendungsfälle basieren?

Zur Einordnung:
* Wenn ja, geben Sie bitte die URL zu dieser Funktion bzw. zu einem Beispiel an, das diese Funktion dokumentiert."
74;"Bietet das nationale Portal den Nutzern die Möglichkeit, eigene Anwendungsfälle einzureichen?

Zur Einordnung:
* Wenn ja, geben Sie bitte die direkte URL zu dieser Funktion an."
75;"Bietet das nationale Portal eine Vorschaufunktion für tabellarische Daten?

Zur Einordnung:
* Wenn ja, geben Sie bitte die URL zu einem Beispiel an, das diese Funktion dokumentiert."
76;"Bietet das nationale Portal eine Vorschaufunktion für Geodaten an?

Zur Einordnung:
* Wenn ja, geben Sie bitte die URL zu einem Beispiel an, das diese Funktion dokumentiert."
77;"Machen Sie nach der Veröffentlichung der Durchführungsverordnung (EU) 2023/138 zu hochwertigen Datensätzen Fortschritte bei der Werbung für solche Datensätze auf Ihrem nationalen Portal (z. B. wurden Filterfunktionen und/oder redaktionelle Funktionen hinzugefügt, Änderungen an der Navigation vorgenommen). ..)?

Zur Einordnung:
* Wenn ja, geben Sie bitte an, wie und heben Sie etwaige Herausforderungen hervor.
* Wenn Sie ein EFTA- oder EU-Kandidatenland sind, wählen Sie bitte „nicht zutreffend“ aus."
78;Ist das nationale Portal für Mobilgeräte genauso reaktionsschnell wie die Desktop-Version?
79;"Überwachen Sie den Verkehr des Portals (z. B. im Hinblick auf die Anzahl der einzelnen Besucher, Besucherprofile, Prozentsatz des Maschinenverkehrs, Anzahl der Downloads entsprechend der Anzahl der Datensätze usw.)?

Zur Einordnung:
* Wenn ja, welche(s) Werkzeug(e) verwenden Sie?"
82;"Wie viele einzelne Besucher besuchen das nationale Portal durchschnittlich pro Monat?

Zur Einordnung:
* Bitte geben Sie die durchschnittliche Anzahl pro Monat im Jahr 2022 ein und wählen Sie „Siehe Antwortbox“.
* Bitte beachten Sie, dass Sie als Bundes-/Regionalstaat die Summe der Besucher aller subnationalen Portale angeben können, die im nationalen Portal erfasst werden."
83;"Wie viel Prozent der einzelnen Besucher des nationalen Portals sind Ausländer?

Zur Einordnung:
* Bitte geben Sie den Prozentsatz ein und wählen Sie „Siehe Antwortbox“."
84;"Überwachen Sie, mit welchen Schlüsselwörtern auf dem Portal nach Daten und Inhalten gesucht wird?

Zur Einordnung:
* Wenn ja, bitte kurz beschreiben."
85;Überwachen Sie die am häufigsten und am wenigsten aufgerufenen Seiten?
86;"Welche Datenkategorien sind die Top 5, die auf dem Portal am häufigsten aufgerufen werden, wobei 1 die beliebteste ist?

Zur Einordnung:
* Bitte geben Sie 1 = Kategorie X, 2 = Kategorie Y usw. an und wählen Sie „siehe Antwortfeld“."
87;"Welche Datensätze gehören zu den Top 5, die auf dem Portal am häufigsten aufgerufen werden, wobei 1 der beliebteste ist?

Zur Einordnung:
* Bitte geben Sie 1 = Namensdatensatz X, 2 = Namensdatensatz Y usw. an und wählen Sie „siehe Antwortfeld“."
88;"Ergreifen Sie Maßnahmen, um die Suche und Auffindbarkeit von Inhalten (Daten und Redaktion) zu optimieren?

Zur Einordnung:
* Wenn ja, bitte kurz beschreiben."
89;"Sind die Metadaten auf Ihrem Portal in klarer, verständlicher Sprache verfügbar, damit sie sowohl von Menschen als auch von Maschinen gelesen und verstanden werden können?

Zur Einordnung:
* Wenn nein, erläutern Sie bitte kurz den Grund."
91;"In welchem Umfang steuern Datenanbieter des öffentlichen Sektors Daten zum Portal bei?

Zur Einordnung:
* Bitte beschreiben Sie den vereinbarten Ansatz.
* Wenn weniger als bei der Mehrheit der Datenanbieter, erläutern Sie bitte kurz den Grund (z. B. technische Inkompatibilitäten, Governance-Aspekte, geringes Bewusstsein usw.)."
95;"Bietet das nationale Portal einen separaten Bereich, in dem nicht offizielle Daten (die nicht aus offiziellen Quellen stammen, wie z. B. von der Community stammende/von Bürgern generierte Daten) veröffentlicht werden können?

Zur Einordnung:
* Wenn ja, geben Sie bitte die URL zu diesem Abschnitt an."
96;"Verfügen Sie über einen Überblick über die Datenanbieter (offizielle und inoffizielle) auf Ihrem nationalen Portal?

Zur Einordnung:
* Wenn ja, listen Sie bitte die wichtigsten auf."
97;"Ermöglicht das nationale Portal Benutzern, zu sehen, welche Daten vorhanden sind, aber nicht als offene Daten verfügbar gemacht werden können?

Zur Einordnung:
* Wenn ja, geben Sie bitte (1) die URL zu einem Beispiel an und (2) beschreiben Sie kurz den Ansatz, der zur Gewährleistung dieser Transparenz verwendet wird."
98;"Verfügt das nationale Portal über eine Strategie, um seine Nachhaltigkeit sicherzustellen?

Zur Einordnung:
* Wenn ja, geben Sie bitte die URL zu diesem Dokument an."
99;Beinhaltet diese Strategie eine Beschreibung der Zielgruppe des Portals und Maßnahmen, um diese Zielgruppe zu erreichen?
100;"Ist Ihr nationales Portal in den sozialen Medien aktiv?

Zur Einordnung:
* Wenn ja, geben Sie bitte die URL(s) zu Ihren Social-Media-Konten an."
101;"Ergreifen Sie Maßnahmen, um die Aktivitäten des nationalen Portals und die verfügbaren offenen Daten zu fördern (z. B. regelmäßige Informationsveranstaltungen und/oder Veranstaltungen)?

Zur Einordnung:
* Wenn ja, geben Sie bitte mindestens ein Beispiel für solche Aktivitäten an."
102;"Werden der Quellcode des Portals sowie relevante Dokumentationen und Artefakte der Öffentlichkeit zugänglich gemacht (z. B. auf Plattformen wie GitHub oder GitLab)?

Zur Einordnung:
* Wenn ja, geben Sie bitte (1) den Plattformnamen und (2) die URL zum Portalkonto auf dieser Plattform an."
103;"Wurde im vergangenen Jahr eine Umfrage zur Nutzerzufriedenheit bezüglich des nationalen Portals durchgeführt?

Zur Einordnung:
* Wenn ja, beschreiben Sie bitte kurz die wichtigsten Ergebnisse dieser Umfrage."
106;"Gibt es einen vordefinierten Ansatz, um sicherzustellen, dass Metadaten auf dem neuesten Stand gehalten werden?

Zur Einordnung:
* Wenn ja, beschreiben Sie bitte kurz Ihr Vorgehen."
107;Wie viel Prozent der Metadaten werden automatisch aus der Quelle bezogen und nicht manuell bearbeitet?
108;"Wie groß ist die durchschnittliche Verzögerung zwischen der Aktualisierung der Metadaten, die einen Datensatz beschreiben, an Ihrer Quelle und dem Zeitpunkt, an dem die Änderung im Portal sichtbar ist (unabhängig davon, ob der Prozess automatisiert ist oder nicht)?

Zur Einordnung:
* Welche Art von Daten betrifft dies hauptsächlich?"
109;Inwieweit decken die veröffentlichten Daten gegebenenfalls den gesamten Zeitraum von der Erstveröffentlichung bis heute ab? (z. B. vollständige Zeitreihen, unabhängig davon, ob sie zum Download oder über eine API verfügbar sind)
110;"Macht Ihr Land nach der Veröffentlichung der Durchführungsverordnung (EU) 2023/138 über hochwertige Datensätze Fortschritte bei der Gewährleistung der Interoperabilität von Datensätzen, insbesondere von hochwertigen Datensätzen, mit den Datensätzen eines anderen Landes?

Zur Einordnung:
* Wenn ja, geben Sie bitte an, wie und heben Sie etwaige Herausforderungen hervor.
* Wenn Sie ein EFTA- oder EU-Kandidatenland sind, wählen Sie bitte „nicht zutreffend“ aus."
112;"Veröffentlichen Sie Richtlinien (z. B. schriftliche Materialien) und verfügen Sie über Tools, die Verlage bei der Auswahl einer geeigneten Lizenz für ihre Daten unterstützen?

Zur Einordnung:
* Wenn ja, geben Sie bitte die URLs zu diesen Materialien und/oder Tools an."
113;"Haben Sie Ihre eigene offene Lizenz/Lizenzierungssuite entwickelt, um die Veröffentlichung offener Daten in Ihrem Land zu fördern?

Zur Einordnung:
* Wenn ja, geben Sie bitte die URL des Dokuments an, in dem diese Lizenz beschrieben wird, und beschreiben Sie kurz die Hauptgründe dafür sowie die Hauptunterschiede zwischen der offenen Lizenz Ihres Landes und der CC-Lizenzierungssuite.
* Falls nicht zutreffend, erläutern Sie bitte kurz den Grund."
114;"Geben Ihre Open-Data-Publikations-/Lizenzierungsrichtlinien Empfehlungen für die Nutzung von Creative Commons (CC)-Lizenzen oder Ihrer eigenen Lizenzierungssuite?

Zur Einordnung:
* Wenn ja, ist dies zwingend (z. B. gesetzlich vorgeschrieben) oder empfohlen?
* Falls nicht zutreffend, erläutern Sie bitte kurz den Grund."
115;Wie viel Prozent der auf dem nationalen Portal verfügbaren offenen Daten sind mit Lizenzinformationen versehen?
116;Wie hat sich der Prozentsatz der Datensätze mit Lizenzinformationen im Vergleich zum Vorjahreszeitraum verändert?
117;Wie viele verschiedene Lizenzen werden für alle von Ihnen verteilten Datensätze auf Ihrem Portal verwendet?
118;"Werden Datenanbietern Richtlinien und Tools zur Verfügung gestellt, um die Qualität ihrer Datenveröffentlichung zu verbessern?

Zur Einordnung:
* Wenn ja, geben Sie bitte die direkte URL zu dieser Funktion an."
120;"Stellen Sie Datenanbietern Dokumentation zu DCAT-AP zur Verfügung (z. B. Informationsblätter, auf den EC-Websites wie der JoinUp-Plattform veröffentlichte Materialien oder Ihre eigene Dokumentation)?

Zur Einordnung:
* Wenn ja, geben Sie bitte Beispiele dieser Dokumentation und die entsprechenden URLs an."
121;"Wie hoch ist der Prozentsatz der Metadaten auf Ihrem Portal, die DCAT-AP-kompatibel sind, gemessen an den obligatorischen Klassen? (Agent, Katalog, Datensatz, Literal, Ressource)

Zur Einordnung:
* Wenn DCAT-AP für das Portal keine Priorität hat, erläutern Sie bitte den Grund."
123;"Gibt es für Ihr Land eine nationale Erweiterung des DCAT-AP-Standards?

Zur Einordnung:
* Wenn ja, erläutern Sie bitte (1) kurz die Gründe für diese Entscheidung und (2) was die wesentlichen Unterschiede zwischen der nationalen Variante und dem EU-Standard sind.
* Gegebenenfalls geben Sie bitte die URL zur Dokumentation der nationalen DCAT-AP-Erweiterung an."
126;"Verwenden Sie ein Modell (z. B. 5-Sterne Open Data oder FAIR), um die Qualität der Datenbereitstellung in Ihrem Land zu bewerten?

Zur Einordnung:
* Wenn ja, bitte kurz beschreiben."
127;"Führen Sie Aktivitäten durch, um Datenanbieter zu fördern und sie mit Möglichkeiten zur Sicherstellung höherer Datenqualität vertraut zu machen (z. B. Förderung des in der vorherigen Frage genannten Modells)?

Zur Einordnung:
* Wenn ja, bitte kurz beschreiben."
129;"Überwachen Sie die Qualitätsverbesserungen bei der Bereitstellung offener Daten?

Zur Einordnung:
* Wenn ja, beschreiben Sie bitte kurz wie."
104a;"Gibt es einen Prozess, durch den das Portal regelmäßig überprüft und verbessert wird?

Zur Einordnung:
* Wenn ja, beschreiben Sie diesen Vorgang bitte kurz."
104b;Wenn ja [zu Frage 104a], wie häufig kommen diese Bewertungen vor?
104c;"Wenn ja [zu Frage 104a], wird das Feedback der Benutzer im Überprüfungsprozess berücksichtigt?

Zur Einordnung:
* Wenn ja, beschreiben Sie diesen Vorgang bitte kurz."
105a;"Überwachen Sie über ein Dashboard die Merkmale der auf dem Portal veröffentlichten Daten, z. B. die Verteilung über Kategorien, statische vs. Echtzeitdaten und wie sich diese im Laufe der Zeit ändern?

Zur Einordnung:
* Wenn ja, geben Sie bitte die direkte URL zu dieser Funktion an."
105b;"Ermöglicht diese Überwachung dem Portalteam und/oder den Datenanbietern, Maßnahmen zur Verbesserung ihrer Leistung auf dem nationalen Portal zu ergreifen?

Zur Einordnung:
* Wenn ja, (1) erklären Sie bitte, wie und (2) geben Sie gegebenenfalls die direkte URL zu dieser Funktion an."
10a;"Hat Ihr Land damit begonnen, auf die Anwendung der Durchführungsverordnung (EU) 2023/138 zu hochwertigen Datensätzen hinzuarbeiten?

Zur Einordnung:
* Wenn ja, wie geht es voran?
* Wenn Sie ein EFTA- oder EU-Kandidatenland sind, wählen Sie bitte „nicht zutreffend“ aus.
** Bitte geben Sie in der folgenden Tabelle Ihre Fortschritte in Bezug auf a) Organisation, b) rechtliche Aspekte, c) technische Aspekte auf einer Skala von 1 bis 5 an. 1 = kein Fortschritt; 2 = geringe Fortschritte; 3 = einige Fortschritte; 4 = erheblicher Fortschritt; 5 = Arbeiten sind abgeschlossen."
10b;"Gibt es Maßnahmen, um die Einbindung anderer Interessengruppen in diesen Priorisierungsprozess zu unterstützen?

Zur Einordnung:
* Wenn „Ja, andere Maßnahmen“, geben Sie bitte an, um welche Maßnahmen es sich handelt.
* Wenn Sie ein EFTA- oder EU-Kandidatenland sind, wählen Sie bitte „nicht zutreffend“ aus."
10c;"Machen die öffentlichen Stellen in Ihrem Land nach der Veröffentlichung der Durchführungsverordnung (EU) 2023/138 über hochwertige Datensätze Fortschritte bei der Kennzeichnung relevanter Datensätze als hochwertige Datensätze in ihren Metadaten?

Zur Einordnung:
* Wenn ja, geben Sie bitte an, wie und heben Sie ggf. Herausforderungen hervor.
* Wenn Sie ein EFTA- oder EU-Kandidatenland sind, wählen Sie bitte „nicht zutreffend“ aus."
111a;"Überwachen Sie die Qualität der auf Ihrem Portal verfügbaren Metadaten?

Zur Einordnung:
* Wenn ja, erläutern Sie bitte kurz, wie diese Überwachung erfolgt.
* Falls zutreffend, geben Sie bitte die URL zu diesem Überwachungsmechanismus an."
111b;"Veröffentlichen Sie Informationen zur Qualität der auf dem Portal verfügbaren Metadaten?

Zur Einordnung:
* Wenn ja, geben Sie bitte die URL zu diesem Abschnitt an.
* Wenn die Informationen veröffentlicht werden, z.B. als .csv-Datei, geben Sie bitte den Link zu dieser Quelle an."
119a;"Werden regelmäßige Aktivitäten durchgeführt oder sind Mechanismen vorhanden, um Datenanbietern Anreize zu geben und/oder sie bei der Veröffentlichung von Daten in maschinenlesbaren Formaten zu unterstützen?

Zur Einordnung:
* Wenn ja, bitte kurz beschreiben."
119b;"Werden regelmäßige Aktivitäten durchgeführt oder sind Mechanismen vorhanden, um Datenanbietern Anreize zu geben und/oder sie bei der Veröffentlichung hochwertiger Metadaten zu unterstützen?

Zur Einordnung:
* Wenn ja, bitte kurz beschreiben."
11a;"Stehen die Ziele/Maßnahmen der in Ihrem Land geltenden nationalen Politik/Strategie für offene Daten im Einklang mit einer oder mehreren der Prioritäten der Europäischen Kommission für 2019–2024?

Zur Einordnung:
* Wenn ja, welche der folgenden sechs Prioritäten und wie?
* Mehrfachnennungen sind möglich.
* Wenn Sie ein EFTA- oder EU-Kandidatenland sind, wählen Sie bitte „nicht zutreffend“ aus."
11a.1;"Ein europäischer Green Deal
Die EU in eine moderne, ressourceneffiziente und wettbewerbsfähige Wirtschaft umwandeln und dabei Europas natürliche Umwelt schützen, den Klimawandel bekämpfen und Europa bis 2050 CO2-neutral und ressourceneffizient machen."
11a.2;"Ein Europa, das für das digitale Zeitalter gerüstet ist
Den digitalen Wandel annehmen, indem wir in Unternehmen, Forschung und Innovation investieren, den Datenschutz reformieren, Menschen mit den Fähigkeiten ausstatten, die für eine neue Generation von Technologien erforderlich sind, und entsprechende Regeln entwerfen."
11a.3;"Eine Wirtschaft, die für die Menschen arbeitet
Stärkung der EU-Wirtschaft bei gleichzeitiger Sicherung von Arbeitsplätzen und Abbau von Ungleichheiten, Unterstützung von Unternehmen, Vertiefung der Wirtschafts- und Währungsunion und Vollendung der Banken- und Kapitalmarktunion."
11a.4;"Ein stärkeres Europa in der Welt
Stärkung der Stimme der EU auf der Weltbühne durch Verbesserung ihres Ansehens als Verfechter eines starken, offenen und fairen Handels, des Multilateralismus und einer regelbasierten globalen Ordnung. Stärkung der Beziehungen zu Nachbarländern und Partnern sowie Stärkung der Fähigkeit der EU, Krisen auf der Grundlage ziviler und militärischer Fähigkeiten zu bewältigen."
11a.5;"Förderung unserer europäischen Lebensart
Wahrung der Grundrechte und der Rechtsstaatlichkeit als Bastion der Gleichheit, Toleranz und sozialen Gerechtigkeit. Bewältigung von Sicherheitsrisiken, Schutz und Stärkung der Verbraucherrechte sowie Entwicklung eines Systems für legale und sichere Migration bei gleichzeitiger wirksamer Verwaltung der EU-Außengrenzen, Modernisierung des EU-Asylsystems und enge Zusammenarbeit mit Partnerländern."
11a.6;"Ein neuer Anstoß für die europäische Demokratie
Stärkung der demokratischen Prozesse Europas durch Vertiefung der Beziehungen zum Europäischen Parlament und den nationalen Parlamenten, Schutz der EU-Demokratie vor Einmischung von außen, Gewährleistung von Transparenz und Integrität im gesamten Gesetzgebungsprozess sowie eine umfassendere Zusammenarbeit mit den Europäern bei der Gestaltung der Zukunft der EU."
11b;"Gibt es weitere übergeordnete Ziele oder spezifische Maßnahmen der Open-Data-Politik/Strategie Ihres Landes, die Sie erwähnen möchten?

Zur Einordnung:
* Falls ja, bitte spezifizieren.
* Wenn Sie ein EFTA- oder EU-Kandidatenland sind, wählen Sie bitte „nicht zutreffend“ aus."
122a;"Wie hoch ist der Prozentsatz der Metadaten in Ihrem Portal, die von DCAT-AP empfohlene Klassen verwenden? (Kategorie, Kategorienschema, Distribution, Lizenzdokument)

Zur Einordnung:
* Wenn die Nutzung empfohlener Klassen für das Portal keine Priorität hat, erläutern Sie bitte den Grund."
122b;"Wie hoch ist der Prozentsatz der Metadaten in Ihrem Portal, die optionale DCAT-AP-Klassen verwenden? (Katalogdatensatz, Prüfsumme, Dokument, Häufigkeit)

Zur Einordnung:
* Wenn die Nutzung optionaler Klassen für das Portal keine Priorität hat, erläutern Sie bitte den Grund."
124a;Untersuchen Sie die häufigsten Ursachen für die mangelnde DCAT-AP-Konformität?
124b;"Wenn ja [zu Frage 124a], was sind die Hauptursachen für die mangelnde DCAT-AP-Konformität?

Zur Einordnung:
* Bitte listen Sie die häufigsten Ursachen auf und wählen Sie „Siehe Antwortbox“."
125a;Wie hoch ist der Prozentsatz der Datensätze, deren Metadaten einen Hinweis darauf bieten, wo die Daten heruntergeladen werden können oder auf deren API zugegriffen werden kann („Download-URL“ in der DCAT-AP-Spezifikation)?
125b;Wie hoch ist der Prozentsatz der Datensätze, deren Metadaten einen Verweis auf eine Webseite bereitstellen, von der aus auf die Daten zugegriffen werden kann („Zugriffs-URL in der DCAT-AP-Spezifikation“)?
128a;Wie viel Prozent der Datensätze werden unter einer offenen Standardlizenz oder einer expliziten benutzerdefinierten offenen Lizenz in einem beliebigen Datenformat, einschließlich Textdokumenten, verfügbar gemacht?
128b;Wie viel Prozent der Datensätze werden von dem in der vorherigen Frage (Frage 128a) angegebenen Prozentsatz unter einer offenen Standardlizenz oder einer expliziten benutzerdefinierten offenen Lizenz in einem strukturierten Datenformat verfügbar gemacht?
128c;Welcher Teil des in der vorherigen Frage (Frage 128b) angegebenen Prozentsatzes liegt ebenfalls in einem offenen und maschinenlesbaren Format vor?
128d;Wie viel Prozent der Datensätze verwenden von dem in der vorherigen Frage (Frage 128c) angegebenen Prozentsatz auch durchgängig Uniform Resource Identifier?
128e;Wie viel Prozent der Datensätze sind von dem in der vorherigen Frage (Frage 128d) angegebenen Prozentsatz auch mit anderen renommierten Quellen verknüpft, um den Benutzern zusätzlichen Kontext bereitzustellen, z. B. in einer Linked-Data-Manier?
17a;"Ist ein Dokument, das die Verantwortlichkeiten und die Governance-Struktur des nationalen (und/oder regionalen/lokalen) Open-Data-Teams beschreibt, öffentlich verfügbar?

Zur Einordnung:
* Wenn ja, geben Sie bitte die URL an, unter der diese Informationen veröffentlicht werden."
17b;"Gibt es einen regelmäßigen Wissens- oder Erfahrungsaustausch zwischen dem nationalen Open-Data-Team und dem Team, das das nationale Portal betreut?

Zur Einordnung:
* Wenn ja, beschreiben Sie bitte kurz, wie dieser Austausch stattfindet, und liefern Sie Belege zur Untermauerung Ihrer Antwort (z. B. Tagesordnungen von Sitzungen, URLs zu Nachrichtenartikeln)."
22a;"Gibt es Prozesse, die sicherstellen, dass die oben genannten Open-Data-Richtlinien/Strategien umgesetzt werden (z. B. Monitoring)?

Zur Einordnung:
* Wenn ja, geben Sie bitte den/die Prozess(e) an."
22b;"Wenn ja, würden Sie den Stand der Umsetzung als zufriedenstellend/neutral/unbefriedigend beschreiben?

Zur Einordnung:
* Bitte begründen Sie Ihre Antwort."
23a;"Gibt es Verfahren zur Beurteilung, ob öffentliche Stellen für Daten Gebühren erheben, die über den Grenzkosten liegen? (siehe Richtlinie (EU) 2019/1024 über offene Daten und die Weiterverwendung von Informationen des öffentlichen Sektors).

Zur Einordnung:
* Wenn ja, geben Sie bitte den/die Prozess(e) an."
23b;Wenn ja [zu Frage 23a], inwieweit werden Daten von öffentlichen Stellen kostenlos zur Verfügung gestellt?
23c;Wie hat sich dieser Abschluss gegenüber dem Vorjahr verändert?
24a;"Was sind die drei größten Herausforderungen, mit denen Ihr Land bei der Umsetzung der genannten Richtlinien/Strategien für offene Daten konfrontiert ist?

Zur Einordnung:
* Bitte kurz beschreiben."
24b;"Gibt es in Ihrem Land Aktivitäten zur Bewältigung dieser Herausforderungen (z. B. mit spezifischen nationalen/regionalen/lokalen Plänen oder Initiativen)?

Zur Einordnung:
* Wenn ja, beschreiben Sie bitte kurz die Maßnahmen, die Sie ergriffen haben oder ergreifen möchten, um diese Herausforderungen zu bewältigen.
* Wenn nein, geben Sie bitte an, was die Suche nach einem strategischen Ansatz zur Lösung dieser Herausforderungen behindert."
25a;"Gibt es Aktivitäten, um Datenanbieter bei ihrem Open-Data-Veröffentlichungsprozess zu unterstützen?

Zur Einordnung:
* Wenn ja, beschreiben/geben Sie bitte Beispiele für diese Aktivitäten."
25b;"Gibt es Aktivitäten zur Unterstützung von Echtzeit- und/oder dynamischen Dateninhabern bei ihrem Veröffentlichungsprozess?

Zur Einordnung:
* Wenn ja, nennen Sie bitte einige Beispiele für solche Aktivitäten."
25c;"Gibt es Aktivitäten zur Unterstützung von Geodateninhabern bei ihrem Veröffentlichungsprozess?

Zur Einordnung:
* Wenn ja, nennen Sie bitte einige Beispiele für solche Aktivitäten."
25d;"Gibt es Aktivitäten, um Bürger oder ihre Arbeitsorganisationen bei der Veröffentlichung von bürgergenerierten Daten zu unterstützen?

Zur Einordnung:
* Wenn ja, nennen Sie bitte einige Beispiele für solche Aktivitäten."
26a;"Gibt es in Ihrem Land einen beruflichen Entwicklungs- oder Schulungsplan für öffentlich Bedienstete, die mit Daten arbeiten?

Zur Einordnung:
* Wenn ja, beschreiben Sie bitte kurz diese Schulungsaktivitäten."
26b;"Wenn ja [zu Frage 26a]: Bieten diese Schulungsaktivitäten eine offiziell anerkannte Zertifizierung?
 
Zur Einordnung:
* Wenn ja, bitte kurz beschreiben."
27a;"Gibt es in Ihrem Land jährlich stattfindende nationale, regionale oder lokale Veranstaltungen (z. B. Hackathons, Kurse, Konferenzen, Benutzertreffen, Sommer-/Winterschulen), um offene Daten und Open-Data-Kompetenz über öffentliche Bedienstete hinaus zu fördern?
 
Zur Einordnung:
* Wenn ja, geben Sie bitte einige Beispiele an (z. B. Titel, Datum, Ort der Veranstaltung und URL)."
27b;"Wer organisiert die meisten Open-Data-bezogenen Veranstaltungen?
 
Zur Einordnung:
* Bitte nennen Sie einige Beispiele typischer Veranstalter."
37.1;Analyse von Logdateien
37.2;Automatisierte Feedback-Mechanismen, die den Zugriff der Benutzer auf Datensätze verfolgen
37.3;Umfragen
37.4;Interviews/Workshops mit Wiederverwendern
37.5;Sonstiges
38.1;Regelmäßige Feedbackgespräche mit Portalnutzern
38.2;Analyse der Stimmung in sozialen Medien
38.3;Sonstiges
39a;"Haben öffentliche Stellen in Ihrem Land eine systematische Methode zur Erfassung von Wiederverwendungsfällen entwickelt?

Zur Einordnung:
* Wenn ja, erläutern Sie bitte kurz den Ablauf: Wie läuft die Versammlung ab?"
39b;"Gibt es in Ihrem Land öffentliche Stellen, die eine systematische Methode zur Klassifizierung der gesammelten Wiederverwendungsfälle entwickelt haben?

Zur Einordnung:
* Wenn ja, erläutern Sie bitte kurz den Ablauf: Nach welchen Kategorien werden Wiederverwendungsfälle klassifiziert (z. B. nach Politikfeld)?"
62a;Bietet das nationale Portal Benutzern die Möglichkeit, nach Dateiformaten zu suchen?
62b;Bietet das nationale Portal Benutzern die Möglichkeit, nach Datendomänen zu suchen?
66a;"Bietet das nationale Portal einen allgemeinen Feedback-Mechanismus für Benutzer (z. B. eine Schaltfläche „Kontakt“ oder „Feedback“, die an einer gut sichtbaren Stelle auf dem Portal platziert ist und es Benutzern ermöglicht, einen allgemeinen Kommentar zum Portal zu senden)?

Zur Einordnung:
* Wenn ja, geben Sie bitte die direkte URL zu dieser Funktion an."
66b;"Bietet das nationale Portal einen Feedback-Mechanismus auf Datensatzebene? (z. B. ein „Feedback-Button“ oder ein Kommentar-/Diskussionsbereich unter dem Datensatz)?

Zur Einordnung:
* Wenn ja, geben Sie bitte die direkte URL zu dieser Funktion an."
66c;"Bietet das nationale Portal Benutzern einen Mechanismus zur Bewertung von Datensätzen?

Zur Einordnung:
* Wenn ja, geben Sie bitte die direkte URL zu dieser Funktion an."
69a;"Bietet das nationale Portal den Nutzern die Möglichkeit, Datensätze anzufordern?

Zur Einordnung:
* Wenn ja, geben Sie bitte die direkte URL zu dieser Funktion an."
69b;Wenn ja [auf Frage 69a], wie häufig kommen diese Anfragen vor?
69c;"Werden diese Anfragen und ihr Fortschrittsstatus auf dem nationalen Portal transparent dargestellt?

Zur Einordnung:
* Wenn ja, geben Sie bitte die direkte URL zu dieser Funktion an."
6a;"Beschreibt die nationale Strategie/Richtlinie Maßnahmen, um Anreize für die Veröffentlichung und den Zugriff auf Echtzeit- oder dynamische Daten zu schaffen?

Zur Einordnung:
* Wenn ja, beschreiben Sie bitte kurz die Maßnahmen."
6b;"Beschreibt die nationale Strategie/Richtlinie Maßnahmen, um Anreize für die Veröffentlichung und den Zugang zu Geodaten zu schaffen (z. B. in Bezug auf hochwertige Datensätze gemäß der Durchführungsverordnung (EU) 2023/138)?

Zur Einordnung:
* Wenn ja, beschreiben Sie bitte kurz die Maßnahmen."
6c;"Beschreibt die nationale Strategie/Richtlinie Maßnahmen, um Anreize für die Veröffentlichung und den Zugriff auf von Bürgern generierte Daten zu schaffen?

Zur Einordnung:
* Wenn ja, beschreiben Sie bitte kurz die Maßnahmen."
6d;"Fördert die nationale Strategie/Richtlinie die Auffindbarkeit der oben genannten Arten von Daten aus Ihrem Land auf data.europa.eu?

Zur Einordnung:
* Wenn ja, beschreiben Sie bitte kurz wie."
70a;"Überwacht das Team, inwieweit Anfragen (entweder über das Portal oder auf andere Weise) zur Veröffentlichung der angeforderten Daten führen?

Zur Einordnung:
* Wenn ja, beschreiben Sie bitte, wie diese Überwachung durchgeführt wird."
70b;Wenn ja [zu Frage 70a], inwieweit führen diese Anfragen zur Veröffentlichung der angeforderten Daten?
80a;"Werden Verkehrs- und Nutzungsstatistiken verwendet, um das Verhalten und die Bedürfnisse der Nutzer besser zu verstehen und das Portal entsprechend zu aktualisieren?

Zur Einordnung:
* Wenn ja, welche Erkenntnisse haben Sie letztes Jahr aus den Überprüfungen dieser Analysen gewonnen?"
80b;"Führen Sie weitere Aktivitäten durch, um das Verhalten und die Bedürfnisse der Nutzer besser zu verstehen (z. B. Webanalysen, Umfragen oder Analyse von Social-Media-Feeds)?

Zur Einordnung:
* Wenn ja, geben Sie bitte an, um welche Aktivitäten es sich handelt."
81a;Was ist das typische Profil des Portalbesuchers, das aus Aktivitäten wie Webanalysen, Umfragen oder Social-Media-Analysen gewonnen wird?
81b;"Entspricht dieses Profil der Zielgruppe, die Ihr nationales Portal ansprechen möchte?

Zur Einordnung:
* Wenn nur teilweise, geben Sie bitte an, welche Zielgruppen fehlen.
* Wenn nein, erläutern Sie bitte kurz den Grund."
90a;Führen Sie Analysen zur API-Nutzung durch, wenn Metadaten, die die Datensätze beschreiben, über eine API zugänglich sind?
90b;"Wenn ja [zu Frage 90b], wie viel Prozent des ausgehenden Portalverkehrs wird nur durch die API-Nutzung generiert?

Zur Einordnung:
* Bitte geben Sie den Prozentsatz ein und wählen Sie „siehe Antwortbox“."
92a;Identifizieren Sie die Datenanbieter, die noch keine Daten auf dem nationalen Portal veröffentlichen?
92b;"Wurden konkrete Maßnahmen ergriffen, um diese Datenanbieter bei ihrem Veröffentlichungsprozess zu unterstützen?

Zur Einordnung:
* Wenn ja, könnten Sie einige Beispiele für die diesbezüglich ergriffenen Maßnahmen nennen?"
93a;"Gibt es neben dem nationalen Open-Data-Portal noch andere regionale und lokale Portale?

Zur Einordnung:
* Wenn ja, geben Sie bitte eine vollständige Liste und die Links zu diesen Portalen an."
93b;"Sind die oben [in Frage 93a] aufgeführten regionalen und lokalen Portale und deren Datenquellen über das nationale Portal auffindbar?

Zur Einordnung:
* Falls nicht zutreffend, erläutern Sie bitte kurz den Grund."
93c;"Wenn ja [zu Frage 93b], in welchem Umfang werden bestehende regionale und lokale Quellen automatisch genutzt?

Zur Einordnung:
* Wenn das nationale Portal weniger als die Mehrheit der vorhandenen Quellen erfasst, erläutern Sie bitte kurz den Grund dafür.
* Falls nicht zutreffend, erläutern Sie bitte kurz den Grund."
94a;"Enthält das nationale Portal Datensätze, die in Echtzeit oder dynamisch sind?

Zur Einordnung:
* Wenn ja, geben Sie bitte URLs zu Echtzeit- und/oder dynamischen Daten an, die über das nationale Portal bereitgestellt werden."
94b;Wenn ja [zu Frage 94a], wie viel Prozent der Metadaten verweisen auf solche Daten?
9a;"Schreibt die nationale Strategie/Richtline die Durchführung und Pflege einer Dateninventur durch öffentliche Stellen vor, sei es auf nationaler oder lokaler Ebene?

Zur Einordnung:
* Wenn ja, bitte kurz spezifizieren."
9b;"Wenn ja [in Frage 9a], umfassen diese Datenbestände auch die von öffentlichen Stellen erhobenen Daten, die nicht als Open Data veröffentlicht werden können (z. B. im Zusammenhang mit dem EU Data Governance Act (EU) 2022/868)?

Zur Einordnung:
* Wenn ja, bitte kurz spezifizieren."
Answer;Antwort
D0.1;0.1 Hintergrundinformationen
D0.2;0.2 data.europa.eu und nationale Open-Data-Portale
D1;Dimension 1: Offene Datenpolitik
D1.1;1.1 Politischer Rahmen
D1.2;1.2 Governance offener Daten
D1.3;1.3 Umsetzung offener Daten
D2;Dimension 2: Auswirkungen von offenen Daten
D2.1;2.1. Strategisches Bewusstsein
D2.2;2.2 Messung der Wiederverwendung
D2.3;2.3 Erzeugte Wirkung
D2.3a;2.3a Staatliche Auswirkungen
D2.3b;2.3b Gesellschaftliche Auswirkungen
D2.3c;2.3c Umweltauswirkungen
D2.3d;2.3d Wirtschaftliche Auswirkungen
D3;Dimension 3: Open Data Portal
D3.1;3.1 Funktionen des Portals
D3.2;3.2 Nutzung des Portals
D3.3;3.3 Bereitstellung von Daten
D3.4;3.4 Nachhaltigkeit des Portals
D4;Dimension 4: Qualität offener Daten
D4.1;4.1 Aktualität und Vollständigkeit
D4.2;4.2 Überwachung und Maßnahmen
D4.3;4.3 DCAT-AP-Konformität
D4.4;4.4 Bereitstellungsqualität und verknüpfte Daten
G1;Die Antwortoption „Sonstige“ sollte von Ländern gewählt werden, die über keine spezifische Open-Data-Politik verfügen, aber über eine nationale Politik (zu Daten, Digitalisierung, künstlicher Intelligenz, E-Government o.ä.) verfügen, die Open Data explizit in ihren Text und Geltungsbereich einbezieht.
G100;By active we refer to an account that publishes new materials at least once a week. A social media presence may include a Facebook, Twitter, LinkedIn account that regularly published open data related content. Ideally a social media account would help promote the open data and more specific portal activities and increase visibility of the open data published on the national portal. 
G101;Actions could be regular promotion of the portal’s data and activities at events, an active social media presence, organising webinars to present the available datasets, use cases, the portal’s features to the broader public etc.
G105b;Such mechanisms could refer to statistics that show publishers statistics concerning their data: the volume of published datasets/metadata records, information on quality of publication (formats, DCAT-AP compliance, licensing information), usage statistics such as downloads, visits, or use cases uploaded to the national portal referencing their data.
G106;Please note that a regular updating of metadata refers here to an updating that is in line with the characteristics of the dataset in question. Different datasets have different requirements of currency. For example, a gazetteer of city streets only changes when new buildings and roads are built, or street names are changed, whereas the data on current weather conditions may be updated in quasi-real time.
G109;This applies both to individual datasets that change in time and to archives of the same dataset, e.g. one every year, every month etc. Administrative geography is an example of data that changes regularly. When new houses are built, new postcodes may be created, and the areas referred by pre-existing postcodes may change. Making available previous versions of a postcode reference file enables the reuser to correctly interpret the meaning of a postcode vs the relevant time context.
G10a;The implementing regulation (EU) 2023/138, adopted in December 2022 and published in January 2023 by the European Commission, lays down a list of specific high-value datasets and the arrangements for their publication and re-use. https://eur-lex.europa.eu/legal-content/EN/TXT/?uri=CELEX%3A32023R0138
G10b;Stakeholders could refer to open data reusers (business, civil society) or other actors that might not be direct reusers of the data (e.g. engaged or interested citizens).
G10c;The implementing regulation (EU) 2023/138, adopted in December 2022 and published in January 2023 by the European Commission, lays down a list of specific high-value datasets and the arrangements for their publication and re-use. https://eur-lex.europa.eu/legal-content/EN/TXT/?uri=CELEX%3A32023R0138
G110;"* The implementing regulation (EU) 2023/138, adopted in December 2022 and published in January 2023 by the European Commission, lays down a list of specific high-value datasets and the arrangements for their publication and re-use. https://eur-lex.europa.eu/legal-content/EN/TXT/?uri=CELEX%3A32023R0138
* Interoperability is the ability to access and process data from different sources and being able to integrate that data for mapping, visualisation, and other forms of representation and analysis."
G111b;Such information can be made available as visualisations (e.g. the MQA tool of the EDP), or as downloadable file (ideally in .csv format) on the national portal.
G112;Such guidelines can take the form of a document or tools (a licensing assistant) available on the national portal. An example of such tool is the data.europa.eu Licensing Assistant: https://data.europa.eu/en/training/licensing-assistant.
G118;Guidelines (check-lists) can enable publishers provide their data in open and machine-readable formats (.csv or .xml instead of proprietary non-machine-readable formats). Other tools can assist publishers to clean up the actual data (e.g. OpenRefine, programming languages such as R).
G119a;By ‘regularly’ we mean a bi-annual or at least annual frequency for activities such as e-learning modules and materials, webinars, meetings. Incentivisation can include the promotion of good quality datasets, e.g. featuring them on the portal homepage, showcasing the publishers as best practices at data providers’ events. Assistance can be provided through formal processes (e.g. data audits), training sessions with data providers, other training and/or awareness raising activities (‘roadshows’) etc.
G119b;By ‘high-quality metadata’ we refer to metadata that provides information in plain language – accurate, current and complete, on all DCAT-AP mandatory fields as well as relevant recommended and optional DCAT-AP fields.
G11a;Please find for reference the European Commission´s priorities for 2019-2024: https://commission.europa.eu/strategy-and-policy/priorities-2019-2024_en
G11a1;Example: Green mobility has been prioritised as high-value dataset.
G11a2;Example 1: The strategy explores how open data can be used to foster the digitalisation of public services.                                                                                                                 Example 2: The strategy/policies foresee open data education projects to improve data literacy among citizens.
G11a3;Example: One of the objectives of my country´s open data policies/strategies is to create economic value by stimulating new buiness opportunities.
G11a4;Example: Gender inequality has been prioritised as high-value dataset.
G11a5;Example: Migration has been prioritised as high-value dataset.
G11a6;Example: One of the objectives of my country´s policies/strategies is to increase transparency and facilitate public participation in policy debates.
G11b;Example: Fight corruption,increase transparency in public administrations.
G120;See https://joinup.ec.europa.eu/
G121;For more information, please see https://joinup.ec.europa.eu/catalogue/distribution/dcat-ap-version-11
G125a;According to the DCAT-AP definition, the ‘download URL’ property contains a URL that is a direct link to a downloadable file in a given format.
G125b;According to the DCAT-AP definition, the ‘access URL’ property contains a URL that gives access to a distribution of the dataset. 
G126;For more information, please visit: http://5stardata.info/en/ or https://joinup.ec.europa.eu/sites/default/files/inline-files/W3C04.pdf.
G128b;"Refers to open data that is available on the web under an open licence, in a structured format (=machine-readable format that is proprietary, such as .xls; .xlsx). Please note that formats such as .pdf; .jpeg; .png, .doc(x) are not considered machine-readable formats and should hence not be counted towards this answer."
G128c;Refers to open data that is published in an open (=non-proprietary) machine-readable format. A non-proprietary format is a format for which a user does not require a proprietary software package (such as Microsoft Office Excel) to explore. An example of an open format is the comma-separated values (CSV) format for tabular data.
G128d;"Refers to open data whose comprising objects are accompanied by unique identifiers. An identifier may be the object’s name (e.g. city name ‘Luxembourg’, or ‘10717’ -- a Berlin postcode), or a word describing the object (‘population’; ‘gender’), or another arbitrary identifier such as ‘XYZ0’, an identifier that makes sense only in the context of that dataset. Choosing identifiers based on known standards should be the common practice though, to facilitate data integration and linked data."
G15;By initiatives we mean policies, strategies or portals that focus on the respective local/regional level.
G2;The answer option 'Not applicable' can be selected if e.g. there is no specific strategy in place, but the existing policy refers to the objectives, actions/measures to be implemented, delivery timelines, responsible etc. Should another explanation apply in your case, please provide it in the justification text box.
G20;Exchanges can take place via formal formats (e.g. round-tables, conferences) or less formal formats (e.g. meet-ups).
G21;For data publication plans we refer to the existence of a specific workflow or internal data management process for publication of datasets. 
G25a;E.g. a task force/agency that is in charge of promoting and assisting the data publication process at national and/or regional and local levels (where applicable).
G25b;Dynamic data is data that changes asynchronously over time is periodically updated, as new information becomes available. Real-time data is data that changes and needs updating at very frequent intervals, in most cases several times a minute. Access to dynamic and/or real-time data is most commonly provided via application programming interfaces (APIs). Plase note that real-time data is not the same as dynamic data. Real-time data can be dynamic (e.g. a variable indicating current location) or static (e.g. a fresh log entry indicating location at a specific time).
G25c;Geo-spatial data is data that contains information on properties that are linked to a position on earth.
G25d; Citizen-generated data is the data that people or their organisations produce to directly monitor, demand or drive change on issues that affect them.
G26a;Ideally such trainings are organised in the frame of the professional development programmes for civil servants and address both data literacy and skills.
G29;"With 'national level' we refer to either central government, federal government, or top ministries.
Examples of such activities could be regular information sessions and/or promotion of published data at conferences and other events. "
G31;Incentives could for example be training, financial incentives, or awards.
G32;The implementing regulation (EU) 2023/138, adopted in December 2022 and published in January 2023 by the European Commission, lays down a list of specific high-value datasets and the arrangements for their publication and re-use. https://eur-lex.europa.eu/legal-content/EN/TXT/?uri=CELEX%3A32023R0138
G34;With methodology we refer to practices, frameworks, methods developed/employed, regardless of their maturity level.
G40;"The governmental impact is hereby defined as the beneficial effect of the use of open data on three specific challenges faced by the government/public administrations: 1) Being efficient and effective in delivering public services; 2) Being transparent and accountable in their actions; 3) Improving their capacity to make decisions and policies."
G45;The social impact is hereby defined as the beneficial effect of the use of open data on four specific challenges for society: 1) Including minorities, migrants, and/or refugees  and reducing inequality, 2) Alleviating housing issues, 3) Fostering health and wellbeing, 4) Improving education.
G47;Data that provides information on the housing market, rental market, property valuations, sales, planning, zoning, census data on socio-economic variables for cities and/or neighbourhoods, other housing issues such as homelessness, empty dwellings, gentrification.
G50;The environmental impact is hereby defined as the beneficial effect of the use of open data on four specific challenges connected to the environment: 1) Protecting biodiversity (e.g. maintaining a good level of air and water quality), 2) Achieving more environmental-friendly cities (e.g. in terms of transport and waste management), 3) Fighting climate change and connected disasters, 4) Increasing the use of renewable sources of energy.
G55;"The economic impact is hereby defined as the beneficial effect of the use of open data on three indicators of economic growth:  
1) Level of employment, 2) Uptake of technology and innovation, 3) Level of etrepreneurship and new business created."
G65;An example of such supporting material could be relevant studies or reports associated with the dataset e.g. documenting how the data was produced, the methodology etc.
G66a;Please note that a general email address does not count as feedback mechanism in the sense of this question and will not be scored as such.
G66b;The feedback mechanism does not include the possibility of a user to send in an email to a general address/the helpdesk.
G66c;Such mechanism could be a star rating system or similar voting/rating mechanism.
G69a;Please note also that a specific “Request data” button is meant here. Should the data request function be accomplished by a general help desk contact form that has a specific field for data requests, please describe this as such in the justification box.
G69c;A transparent presentation of these requests may be a machine-readable file on the national portal, or a separate section on the national portal that lists these requests. By providing a list of these requests, duplication of requests can be avoided, and time saved in filtering and answering these duplicate requests.
G6a;Dynamic data is data that changes asynchronously over time is periodically updated, as new information becomes available. Real-time data is data that changes and needs updating at very frequent intervals, in most cases several times a minute. Access to dynamic and/or real-time data is most commonly provided via application programming interfaces (APIs). Plase note that real-time data is not the same as dynamic data. Real-time data can be dynamic (e.g. a variable indicating current location) or static (e.g. a fresh log entry indicating location at a specific time). 
G6b;"Geo-spatial data is data that contains information on properties that are linked to a position on earth. 

The implementing regulation (EU) 2023/138, adopted in December 2022 and published in January 2023 by the European Commission, lays down a list of specific high-value datasets and the arrangements for their publication and re-use. https://eur-lex.europa.eu/legal-content/EN/TXT/?uri=CELEX%3A32023R0138"
G6c;Citizen-generated data is the data that people or their organisations produce to directly monitor, demand or drive change on issues that affect them.
G7;These measures should promote concepts such as data-driven government, policy-making and decision-making.
G78;Meaning the portal renders well on both mobile and desktop.
GR8;This is the annual budget for all portal activities (portal development and maintenance, promotion and awareness-raising activities) of the national portal. This should include the budget for the national portal team, whether an internal team or external contractors.
G8;These measures could promote concepts such as smart cities and/or regions, but also new business development (in particular Small - and Medium-sized Enterprises), entrepreneurship etc.
G82;Unique visitors refer to the number of distinct individuals accessing pages on the website during a given period, regardless of how often they visit that website. Visits refer to the number of times a website is visited, no matter how many visitors make up those visits.
G90b;Here we are interested in distinguishing the volume of traffic generated by human users vs the traffic generated programmatically by API usage. We ask for outgoing traffic as it is more relevant than incoming traffic: the former is generated by the enquiries, but the latter by the responses.
G91;Providers at federal, regional or local level, directly or indirectly, via direct uploading or harvesting of metadata. 
G94a;Dynamic data is data that changes asynchronously over time is periodically updated, as new information becomes available. Real-time data is data that changes and needs updating at very frequent intervals, in most cases several times a minute. Access to dynamic and/or real-time data is most commonly provided via application programming interfaces (APIs). Plase note that real-time data is not the same as dynamic data. Real-time data can be dynamic (e.g. a variable indicating current location) or static (e.g. a fresh log entry indicating location at a specific time).
G95;Citizen-generated data is the data that people or their organisations produce to directly monitor, demand or drive change on issues that affect them.
G97;This function can be useful towards reducing the amount of Freedom of Information requests for data that is transparently justified why it cannot be opened. The national portal might also publish the reasons for preventing publication, e.g. national security.
G98;A strategy could be a brief document and/or action plan listing the activities planned to ensure the portal’s sustainability over time.
G9a;A data inventory is a comprehensive catalogue of datasets held by an organisation.
G9b;The Data Governance Act (EU) 2022/868 seeks to increase trust in data sharing, strengthen mechanisms to increase data availability and overcome technical obstacles to the reuse of data. It also aims to support the set-up and development of common European data spaces in strategic domains, involving both private and public players, in sectors such as health, environment, energy, agriculture, mobility, finance, manufacturing, public administration and skills. The Data Governance entered into force on 23 June 2022 and, following a 15-month grace period, will be applicable from September 2023. https://eur-lex.europa.eu/legal-content/EN/TXT/?uri=CELEX%3A32022R0868
GuideAnswering;Anleitung zum Antworten
HVDAddressing;Addressing legal barriers
HVDCategories;Categories of high-value datasets
HVDCompanies;Companies and company ownership
HVDDegree;Degree of progress (from 1 to 5)
HVDEarthObservation;Earth observation and environment
HVDEnsuringMetadata;Ensuring metadata availability and quality
HVDGeospatial;Geospatial
HVDIdentification;Identification and inventory of high-value datasets
HVDLegal;Legal progress 
HVDMeteorological;Meteorological
HVDMobility;Mobility
HVDOrganisational;Organisational progress
HVDPublication;Publication of high-value datasets in machine-readable formats via APIs
HVDSettingUp;Setting up new roles and workflows
HVDStandardised;Standardised means to structure, describe, access high-value datasets
HVDStatistics;Statistics
HVDTechnical;Technical progress 
ID;ID
Justification;Einordnung
MarkQuestion;Frage markieren
N1;Bitte beachten Sie, dass in diesem Abschnitt zwischen Open-Data-Politik und Open-Data-Strategie unterschieden wird. Unter Politik versteht man hier alle Grundsätze/Initiativen, die darauf abzielen, die in der Richtlinie über offene Daten festgelegten Ziele zu erreichen, einschließlich spezifischer nationaler Rechtsvorschriften zur Umsetzung des EU-Rechts. Mit der Strategie hingegen definieren wir ein Dokument, in dem die konkrete Vision, Mission, Ziele, umzusetzenden Maßnahmen, Zeitrahmen und Verantwortlichkeiten dargelegt werden. Eine Open-Data-Strategie würde idealerweise Informationen zur Open-Data-Governance-Struktur und zum Betriebsmodell enthalten.
N2;Assessing the impact of open data is still generally considered a new field, with no consensus, for example, on the definition, or methodologies to measure impact. Nonetheless, there are several elements that are considered essential to demonstrating impact, such as monitoring and measuring the reuse of published open data. Given this, the impact dimension in this questionnaire tries to capture the extent to which countries have been making progress in monitoring the reuse of open data and based on that, in measuring the impact of open data on specific governmental, societal, environmental, and economic challenges of our time. Countries are encouraged to provide, whenever possible, examples of reuse for each impact area/topic. Yet, please note that data.europe.eu does not consider the availability of reuse examples as a direct evidence of impact.
N3;"This part of the questionnaire is dedicated to assessing the solution your country chose for making the available open data discoverable. Typically, this is achieved through a national open data portal. 
For simplicity, the following section will refer to this solution as the “national portal”.    
Please provide where requested the URLs to the features inquired with the respective question. If access to the feature is restricted (back-end feature, log-in required), please provide a screenshot via e-mail as additional attachment (and note this here in the questionnaire). Please answer the questions below only in relation to the portal you indicated as the national portal of reference. Only URLs documenting the features available on this portal will be considered and scored."
N4;In section 4.3 `DCAT-AP Compliance`, the focus is on DCAT-AP exclusively. We are aware that many of the respondents may be compliant with other EU standards, such as INSPIRE. For the purpose of this assessment, only DCAT-AP and its country-specific profiles are relevant.
PreliminaryScore;"Vorläufiges Ergebnis:
(Gesamt – unsicher)"
Priorities;Prioritäten
Question;Frage
R1;Was ist Ihr Land?
R10;"Spiegelt das Portal data.europa.eu die Daten wider, die Ihre nationalen Portale hosten?

Zur Einordnung:
* Wenn Sie „Nein“ oder „Teilweise“ ausgewählt haben, wie würden Sie data.europa.eu verbessern, um die Daten auf nationalen offenen Datenportalen wie dem in Ihrem Land besser widerzuspiegeln?"
R2;Was ist Ihre Organisation?
R3;Wie heißen Sie?
R4;Was ist Ihre Position/Rolle?
R5;Was ist Ihre E-Mail-Adresse?
R6;Wie groß ist das nationale Open-Data-Team (Kernteammitglieder)?
R7;Wie viele Vollzeitäquivalente sind im nationalen Open-Data-Team vertreten?
R8;Wie hoch ist das Jahresbudget des nationalen Portals?
R9;"Sind Sie mit data.europa.eu als europäischem Single Point of Access zufrieden?

Zur Einordnung:
* Wenn Sie „Ja“ ausgewählt haben, was finden Sie besonders gut an data.europa.eu als europäischem Single Point of Access?
* Wenn Sie „Nein“ ausgewählt haben, wie würden Sie data.europa.eu als europäischen Single Point of Access verbessern?"
RespondentInformation;Angaben des Befragten
Reviewer1;Gutachter 1 Kommentare
Reviewer2;Gutachter 2 Kommentare
Score;Ergebnis
TotalScore;Gesamtergebnis:
TypeActivity;Art der Aktivität
UnsureScore;Unsicheres Ergebnis: